round,selected_clients,selected_client_count,decision_threshold,train_loss,val_loss,val_accuracy,val_precision,val_recall,val_f1,val_auc,val_balanced_accuracy,val_sensitivity,val_specificity,val_confidence_accuracy_top30,val_confidence_accuracy_top50,val_confidence_accuracy_ge90,val_confidence_coverage_ge90,test_loss,test_accuracy,test_precision,test_recall,test_f1,test_auc,test_balanced_accuracy,test_sensitivity,test_specificity,test_confidence_accuracy_top30,test_confidence_accuracy_top50,test_confidence_accuracy_ge90,test_confidence_coverage_ge90,mean_epsilon,cumulative_epsilon,mean_hybrid_alpha,mean_update_norm,round_time_sec,round_communication_bytes,round_communication_mb,cumulative_communication_bytes,cumulative_communication_mb
1,0,1,0.8499999999999999,0.29278397558262786,0.617982616597432,0.850956696878147,0.7586002776038974,0.7501184553423359,0.7542079207920792,0.8813998789123166,0.7501184553423359,0.5873015873015873,0.9129353233830846,0.9731543624161074,0.8853118712273642,0.9311224489795918,0.3947633434038268,0.5688895299178787,0.843530591775326,0.7647659063625449,0.7067707942698568,0.7284744626471698,0.8748531213280331,0.7067707942698568,0.47761194029850745,0.9359296482412061,0.98,0.8997995991983968,0.9472295514511874,0.3801404212637914,,,,1.659272523294805,141.67704844474792,395649808,377.32106018066406,395649808,377.32106018066406
2,0,1,0.8649999999999999,0.25097948857928365,0.5985170116597432,0.8620342396777442,0.7799456592998353,0.7529120271657586,0.7650434797626964,0.90227434257285,0.7529120271657586,0.5767195767195767,0.9291044776119403,0.9664429530201343,0.9074446680080482,0.9288888888888889,0.45317220543806647,0.542556624952984,0.8525576730190572,0.7801297160727766,0.7272994324858122,0.7481133291512344,0.8946036150903773,0.7272994324858122,0.5174129353233831,0.9371859296482412,0.9933333333333333,0.9158316633266533,0.9324324324324325,0.4453360080240722,,,,1.4073963580622415,129.99826860427856,395649808,377.32106018066406,791299616,754.6421203613281
3,0,1,0.8799999999999999,0.2264506582790446,0.5862123733320745,0.8721047331319235,0.7938578068047858,0.7854378899155019,0.7895220849014879,0.9191476480033695,0.7854378899155019,0.6455026455026455,0.9253731343283582,0.9832214765100671,0.9154929577464789,0.9090909090909091,0.5095669687814703,0.5344049727306921,0.8716148445336008,0.810486256402857,0.7689848496212406,0.7867265629178031,0.9055163879096977,0.7689848496212406,0.5970149253731343,0.9409547738693468,1.0,0.9378757515030061,0.9397590361445783,0.49949849548645936,,,,1.321311742864394,129.72696900367737,395649808,377.32106018066406,1186949424,1131.9631805419922
4,0,1,0.8749999999999999,0.2170887166614473,0.5595786717963243,0.878147029204431,0.8029839708997881,0.7992872936902788,0.8011123525760397,0.9304601331964515,0.7992872936902788,0.671957671957672,0.9266169154228856,0.9832214765100671,0.9275653923541247,0.9137931034482759,0.525679758308157,0.5148367465678285,0.8736208625877633,0.8116582019192996,0.7776788169704243,0.7926619132501486,0.9133415835395885,0.7776788169704243,0.6169154228855721,0.9384422110552764,1.0,0.9418837675350702,0.9317738791423001,0.5145436308926781,,,,1.2828876473622777,129.88434481620789,395649808,377.32106018066406,1582599232,1509.2842407226562
5,0,1,0.8949999999999999,0.18511411482299972,0.5077559518189829,0.8862034239677744,0.8271393921018722,0.7840262970859986,0.8027035533369788,0.9299402458606439,0.7840262970859986,0.6190476190476191,0.9490049751243781,0.9966442953020134,0.9476861167002012,0.9305301645338209,0.5508559919436052,0.4723993758619609,0.8776328986960883,0.8339768496033673,0.7578783219580489,0.7866848588585218,0.9182917072926823,0.7578783219580489,0.5572139303482587,0.9585427135678392,1.0,0.9599198396793587,0.9443413729128015,0.5406218655967904,,,,1.356951592077379,129.6930341720581,395649808,377.32106018066406,1978249040,1886.6053009033203
6,0,1,0.9349999999999999,0.16919523216946475,0.5441641293743706,0.8882175226586103,0.8472103973728563,0.7630103450998973,0.7947999530856429,0.9320856037273947,0.7630103450998973,0.5608465608465608,0.9651741293532339,0.9932885906040269,0.9537223340040242,0.9103214890016921,0.595166163141994,0.5027623764849235,0.8686058174523571,0.8354000380083618,0.7206148903722593,0.7567989304195459,0.9212667816695418,0.7206148903722593,0.472636815920398,0.9685929648241206,0.9966666666666667,0.9559118236472945,0.9156626506024096,0.5827482447342026,,,,1.3300562093219326,129.63909721374512,395649808,377.32106018066406,2373898848,2263.9263610839844
7,0,1,0.9249999999999999,0.16615526725941357,0.5027093954556898,0.8912386706948641,0.8527972027972028,0.7689232409381663,0.8008423586040914,0.9319079207138908,0.7689232409381663,0.5714285714285714,0.9664179104477612,0.9932885906040269,0.9617706237424547,0.9212328767123288,0.5881168177240684,0.46674796116866224,0.8716148445336008,0.8321536237505068,0.735515262881572,0.7687210937613269,0.9239730993274832,0.735515262881572,0.5074626865671642,0.9635678391959799,1.0,0.9519038076152304,0.9175257731958762,0.5837512537612839,,,,1.3124525816364132,129.60802125930786,395649808,377.32106018066406,2769548656,2641.2474212646484
8,0,1,0.9199999999999999,0.14945962449239794,0.4959068951409869,0.8932527693856999,0.8408976625118094,0.7944503672115613,0.8145037360778232,0.9337768827818579,0.7944503672115613,0.6349206349206349,0.9539800995024875,0.9966442953020134,0.9678068410462777,0.92776886035313,0.6273917421953675,0.4458207385829363,0.8786359077231695,0.8413768959524894,0.7529281982049552,0.784978032065164,0.928391959798995,0.7529281982049552,0.5422885572139303,0.9635678391959799,1.0,0.9759519038076152,0.929042904290429,0.6078234704112337,,,,1.287227309819338,129.70066595077515,395649808,377.32106018066406,3165198464,3018.5684814453125
9,0,1,0.9099999999999999,0.14466276034016476,0.45527973155840884,0.8942598187311178,0.8340596185423772,0.8132847666429757,0.8230243962053742,0.9328358208955223,0.8132847666429757,0.6825396825396826,0.9440298507462687,1.0,0.9839034205231388,0.9290030211480362,0.6666666666666666,0.4048882487305667,0.880641925777332,0.8351642790407973,0.7690598514962874,0.7951863801696264,0.9302607565189129,0.7690598514962874,0.582089552238806,0.9560301507537688,1.0,0.9879759519038076,0.9322033898305084,0.6509528585757272,,,,1.2661653152173307,129.55255126953125,395649808,377.32106018066406,3560848272,3395.8895416259766
10,0,1,0.8999999999999999,0.13516846169006788,0.42680501793806647,0.8972809667673716,0.8484632615122056,0.8009851535970939,0.8215035950937544,0.9334741635736662,0.8009851535970939,0.6455026455026455,0.9564676616915423,1.0,0.9839034205231388,0.9427244582043344,0.6505538771399798,0.3707862479038678,0.8786359077231695,0.8352824235790287,0.7603658841471037,0.7889149602193491,0.9337858446461162,0.7603658841471037,0.5621890547263682,0.9585427135678392,1.0,0.9919839679358717,0.9479326186830015,0.6549648946840522,,,,1.207868744715159,129.6181983947754,395649808,377.32106018066406,3956498080,3773.2106018066406
11,0,1,0.9349999999999999,0.12099804326984741,0.5102357124874118,0.8972809667673716,0.8416836617452749,0.8131268261865277,0.8262151181145594,0.9350996341046092,0.8131268261865277,0.6772486772486772,0.9490049751243781,1.0,0.9818913480885312,0.9219653179190751,0.6968781470292045,0.4403674279674962,0.8916750250752257,0.8488730488002236,0.7964230355758894,0.8185195172925235,0.9353046326158153,0.7964230355758894,0.6368159203980099,0.9560301507537688,1.0,0.9819639278557114,0.9309838472834068,0.683049147442327,,,,1.342102643480727,129.51188158988953,395649808,377.32106018066406,4352147888,4150.531661987305
12,0,1,0.8999999999999999,0.12214850296762501,0.4609389751699396,0.8972809667673716,0.8355191256830601,0.8272921108742004,0.8313047127952993,0.9333951933454422,0.8272921108742004,0.7142857142857143,0.9402985074626866,1.0,0.9818913480885312,0.9234234234234234,0.6706948640483383,0.4036785037730379,0.8866599799398195,0.832081464103936,0.8025794394859871,0.8159389627257652,0.9341171029275733,0.8025794394859871,0.6616915422885572,0.9434673366834171,1.0,0.9839679358717435,0.9285714285714286,0.6599799398194583,,,,1.292341656381997,129.53162789344788,395649808,377.32106018066406,4747797696,4527.852722167969
13,0,1,0.9149999999999999,0.11416018061177381,0.41547079556898286,0.8972809667673716,0.8497497882823928,0.7989615414988549,0.8206845027334788,0.935547132064545,0.7989615414988549,0.6402116402116402,0.9577114427860697,1.0,0.993963782696177,0.9386590584878745,0.7059415911379657,0.36410329621677534,0.8856569709127382,0.8441710807545767,0.7777788194704867,0.8042269532864821,0.9362734068351709,0.7777788194704867,0.5970149253731343,0.9585427135678392,1.0,0.9919839679358717,0.9331395348837209,0.6900702106318957,,,,1.2852483107124533,129.48204803466797,395649808,377.32106018066406,5143447504,4905.173782348633
14,0,1,0.9099999999999999,0.10914019048863853,0.40314280038393757,0.9003021148036254,0.8548042459332782,0.8048744373371239,0.8263572053095938,0.9359156597962568,0.8048744373371239,0.6507936507936508,0.9589552238805971,1.0,0.993963782696177,0.9419263456090652,0.7109768378650554,0.3569807322357698,0.8886659979939819,0.8465171014317828,0.787100927523188,0.8114589455930081,0.9352421310532764,0.787100927523188,0.6169154228855721,0.957286432160804,1.0,0.9919839679358717,0.942008486562942,0.7091273821464393,,,,1.3267619138556457,129.51351022720337,395649808,377.32106018066406,5539097312,5282.494842529297
15,0,1,0.95,0.09695439309055838,0.46732105205186303,0.8952668680765358,0.8529196486662329,0.7855760878148939,0.8128343796668165,0.9361920555950407,0.7855760878148939,0.6084656084656085,0.9626865671641791,1.0,0.9919517102615694,0.9221140472878998,0.7240684793554885,0.41943077768461634,0.8816449348044132,0.8468330230920159,0.7585314632865822,0.7907994878725372,0.9361796544913622,0.7585314632865822,0.5522388059701493,0.964824120603015,1.0,0.9859719438877755,0.9151599443671766,0.7211634904714143,,,,1.2945673625909802,129.35221886634827,395649808,377.32106018066406,5934747120,5659.815902709961
16,0,1,0.945,0.09152271767689432,0.4611346810485901,0.9013091641490433,0.8560288605126017,0.8075199399826265,0.8285034541096856,0.935803785306273,0.8075199399826265,0.656084656084656,0.9589552238805971,1.0,0.9919517102615694,0.9308943089430894,0.743202416918429,0.4033253324426404,0.8826479438314945,0.8390454687013391,0.7721755543888598,0.7986286258810613,0.9377796944923624,0.7721755543888598,0.5870646766169154,0.957286432160804,1.0,0.9899799599198397,0.9145183175033921,0.7392176529588766,,,,1.2880048126076435,129.36048007011414,395649808,377.32106018066406,6330396928,6037.136962890625
17,0,1,0.9299999999999999,0.08936394848544557,0.4334009944612286,0.8982880161127895,0.8450452353549628,0.8117251046355525,0.826783879241112,0.9381531495959357,0.8117251046355525,0.671957671957672,0.9514925373134329,1.0,0.9919517102615694,0.9260273972602739,0.7351460221550856,0.37480275298551907,0.8956870611835507,0.861914795801088,0.7952167554188855,0.8221865525236312,0.9397297432435812,0.7952167554188855,0.6268656716417911,0.9635678391959799,1.0,0.9939879759519038,0.9399441340782123,0.7181544633901705,,,,1.2343216783563244,129.5126748085022,395649808,377.32106018066406,6726046736,6414.458023071289
18,0,1,0.9349999999999999,0.08692723137033506,0.39966779172960726,0.9023162134944612,0.8600181106140581,0.8061182184316513,0.8290814108444873,0.9388046539787834,0.8061182184316513,0.6507936507936508,0.9614427860696517,1.0,0.9959758551307847,0.9374149659863945,0.7401812688821753,0.3668200646862462,0.8916750250752257,0.8697080291970802,0.7722505562639066,0.8076279907383587,0.9359733993349834,0.7722505562639066,0.572139303482587,0.9723618090452262,1.0,0.9959919839679359,0.9377593360995851,0.7251755265797393,,,,1.3216927875058926,129.32940411567688,395649808,377.32106018066406,7121696544,6791.779083251953
19,0,1,0.945,0.07874546768161181,0.42973667233131924,0.8851963746223565,0.8279061624649859,0.7773335702440181,0.798661800486618,0.9343823211982415,0.7773335702440181,0.6031746031746031,0.9514925373134329,1.0,0.993963782696177,0.919205298013245,0.7603222557905337,0.37896345898045697,0.8906720160481444,0.856107831562377,0.7827789444736118,0.8115583161231366,0.9390047251181279,0.7827789444736118,0.6019900497512438,0.9635678391959799,1.0,0.9959919839679359,0.9292267365661862,0.765295887662989,,,,1.2539578616348572,129.36829924583435,395649808,377.32106018066406,7517346352,7169.100143432617
20,0,1,0.9099999999999999,0.08062826216986803,0.4123867069486405,0.8972809667673716,0.8406966320911768,0.8151504382847666,0.8269680196801967,0.9363368343467847,0.8151504382847666,0.6825396825396826,0.9477611940298507,1.0,0.9959758551307847,0.9272486772486772,0.7613293051359517,0.3708252748969565,0.8846539618856569,0.8295281530284575,0.7976043151078778,0.8119204276839744,0.9396922423060577,0.7976043151078778,0.6517412935323383,0.9434673366834171,1.0,0.9959919839679359,0.9234828496042217,0.7602808425275828,,,,1.3166499683116926,129.29793095588684,395649808,377.32106018066406,7912996160,7546.421203613281
21,0,1,0.9349999999999999,0.0768189502983264,0.40751667925478346,0.8892245720040282,0.8368517091126457,0.7818447445313117,0.8048209563290687,0.9343954829029456,0.7818447445313117,0.6084656084656085,0.9552238805970149,1.0,0.993963782696177,0.9335989375830013,0.7583081570996979,0.36260355774354314,0.8826479438314945,0.8418329990768153,0.7684567114177855,0.7968159134653069,0.9363796594914873,0.7684567114177855,0.5771144278606966,0.9597989949748744,1.0,0.9979959919839679,0.9217948717948717,0.7823470411233701,,,,1.346504097214502,129.46615028381348,395649808,377.32106018066406,8308645968,7923.742263793945
22,0,1,0.8949999999999999,0.07152085602480768,0.37949631797583083,0.8932527693856999,0.8327470745805724,0.8106392639974729,0.8209556922406989,0.9376398431124798,0.8106392639974729,0.6772486772486772,0.9440298507462687,1.0,0.9959758551307847,0.928476821192053,0.7603222557905337,0.3224399761785356,0.8946840521564694,0.8563918757467145,0.7983074576864422,0.8224212188704914,0.941142278556964,0.7983074576864422,0.6368159203980099,0.9597989949748744,1.0,0.9979959919839679,0.9507978723404256,0.7542627883650953,,,,1.3506001553433222,129.40627360343933,395649808,377.32106018066406,8704295776,8301.06332397461
23,0,1,0.945,0.06771317647230403,0.37850352860649544,0.8942598187311178,0.8640297709243248,0.7687653004817184,0.8039294962324149,0.9358432704203848,0.7687653004817184,0.5661375661375662,0.9713930348258707,1.0,0.9959758551307847,0.9356499356499357,0.7824773413897281,0.3224632393273571,0.8846539618856569,0.8617513973915358,0.7548376209405235,0.7917079205672419,0.9408922723068076,0.7548376209405235,0.5373134328358209,0.9723618090452262,1.0,1.0,0.935361216730038,0.7913741223671013,,,,1.307527129458233,129.5514030456543,395649808,377.32106018066406,9099945584,8678.384384155273
24,0,1,0.8999999999999999,0.06475892546357488,0.40336776379972306,0.892245720040282,0.8289722203074378,0.8140645976466871,0.8211783436810491,0.9347969148964174,0.8140645976466871,0.6878306878306878,0.9402985074626866,1.0,0.9919517102615694,0.9265463917525774,0.7814702920443102,0.34606117853070933,0.8946840521564694,0.8438313220521809,0.8187610940273506,0.8303358276081703,0.9418485462136553,0.8187610940273506,0.6915422885572139,0.9459798994974874,1.0,0.9979959919839679,0.9329113924050633,0.7923771313941825,,,,1.3557277377186518,129.14876294136047,395649808,377.32106018066406,9495595392,9055.705444335938
25,0,1,0.9299999999999999,0.06594170810416851,0.42426133323892246,0.8851963746223565,0.825766464511017,0.7813807944404959,0.8005040180459608,0.9320592803179868,0.7813807944404959,0.6137566137566137,0.9490049751243781,1.0,0.993963782696177,0.9195849546044098,0.7764350453172205,0.35887845421028713,0.8856569709127382,0.8402530733552483,0.7833570839270982,0.8067829457364342,0.9416172904322608,0.7833570839270982,0.6119402985074627,0.9547738693467337,1.0,0.9979959919839679,0.9286624203821656,0.7873620862587764,,,,1.2798045044911261,129.32654905319214,395649808,377.32106018066406,9891245200,9433.026504516602
26,0,1,0.8799999999999999,0.05979541155071552,0.4110757725956697,0.8912386706948641,0.8213848429967094,0.8316552159835742,0.8263536269430052,0.9364158045750085,0.8316552159835742,0.7354497354497355,0.927860696517413,1.0,0.9959758551307847,0.9191919191919192,0.797583081570997,0.3453768440330758,0.8856569709127382,0.8247589771350501,0.8149672491812295,0.8197049492385786,0.9436923423085576,0.8149672491812295,0.6965174129353234,0.9334170854271356,1.0,0.9959919839679359,0.9302615193026152,0.8054162487462387,,,,1.3070411610876154,129.27813744544983,395649808,377.32106018066406,10286895008,9810.347564697266
27,0,1,0.845,0.060717874954794054,0.3690095807370342,0.8862034239677744,0.8167960982425969,0.8103332543631051,0.8134975708428004,0.9352378320040012,0.8103332543631051,0.6878306878306878,0.9328358208955224,1.0,0.9959758551307847,0.9311224489795918,0.7895266868076536,0.31969774068298645,0.8916750250752257,0.8366772298144847,0.8187360934023351,0.827200831931802,0.945604890122253,0.8187360934023351,0.6965174129353234,0.9409547738693468,1.0,1.0,0.9422835633626098,0.7993981945837513,,,,1.256976235769346,129.19915294647217,395649808,377.32106018066406,10682544816,10187.66862487793
28,0,1,0.9199999999999999,0.05513471378036702,0.4445795864016868,0.892245720040282,0.8282185321853218,0.8160882097449262,0.8219275884781111,0.9348627234199374,0.8160882097449262,0.6931216931216931,0.9390547263681592,1.0,0.993963782696177,0.9197994987468672,0.8036253776435045,0.3684408021427564,0.8936810431293881,0.8426125284367891,0.8162735318382959,0.8283781325919478,0.9472736818420462,0.8162735318382959,0.6865671641791045,0.9459798994974874,1.0,1.0,0.9326805385556916,0.8194583751253761,,,,1.2924606388417819,129.31357979774475,395649808,377.32106018066406,11078194624,10564.989685058594
29,0,1,0.95,0.05381617303376269,0.39679299284444236,0.892245720040282,0.8507075866688997,0.7756159677801469,0.8050987520934489,0.9341783147753296,0.7756159677801469,0.5873015873015873,0.9639303482587065,1.0,0.9959758551307847,0.9346733668341709,0.8016112789526687,0.33344607798003384,0.880641925777332,0.8509677701874234,0.750465636640916,0.7854995272213815,0.9450486262156553,0.750465636640916,0.5323383084577115,0.9685929648241206,1.0,0.9959919839679359,0.9358024691358025,0.8124373119358074,,,,1.24766671343642,129.23076915740967,395649808,377.32106018066406,11473844432,10942.310745239258
30,0,1,0.9099999999999999,0.054832632683821,0.38900735323042546,0.8882175226586103,0.8252162104209849,0.7994353628681987,0.811292037398154,0.935507646950433,0.7994353628681987,0.656084656084656,0.9427860696517413,1.0,0.9959758551307847,0.9260651629072681,0.8036253776435045,0.3410022548113089,0.8836509528585758,0.8342050286151448,0.7839602240056001,0.8050765185734511,0.943998599964999,0.7839602240056001,0.6169154228855721,0.9510050251256281,1.0,0.9979959919839679,0.9367245657568238,0.8084252758274825,,,,1.2976119082783815,129.20234775543213,395649808,377.32106018066406,11869494240,11319.631805419922
31,0,1,0.8799999999999999,0.05065816964942532,0.3939448699490181,0.8882175226586103,0.8195227245473078,0.8156242596541103,0.8175493482309124,0.935573455473953,0.8156242596541103,0.6984126984126984,0.9328358208955224,1.0,0.993963782696177,0.9188514357053683,0.8066465256797583,0.31850201483356316,0.8946840521564694,0.8447776417788657,0.8169016725418136,0.8296566772922759,0.9490237255931399,0.8169016725418136,0.6865671641791045,0.9472361809045227,1.0,0.9939879759519038,0.9476961394769614,0.8054162487462387,,,,1.3444707528575348,129.07003569602966,395649808,377.32106018066406,12265144048,11696.952865600586
32,0,1,0.8999999999999999,0.05196942005619824,0.366970158295569,0.8932527693856999,0.8408976625118094,0.7944503672115613,0.8145037360778232,0.9355602937692489,0.7944503672115613,0.6349206349206349,0.9539800995024875,1.0,0.9919517102615694,0.9350811485642946,0.8066465256797583,0.32521566775521876,0.880641925777332,0.8326587700844538,0.7727786944673617,0.7969863571574017,0.9433110827770693,0.7727786944673617,0.5920398009950248,0.9535175879396985,1.0,0.9959919839679359,0.9365079365079365,0.8214643931795386,,,,1.3112900102399023,129.15500235557556,395649808,377.32106018066406,12660793856,12074.27392578125
33,0,1,0.8999999999999999,0.049990595344039164,0.35100095197633435,0.8942598187311178,0.8421928295308118,0.7970958698570638,0.8166714433662193,0.9372252494143041,0.7970958698570638,0.6402116402116402,0.9539800995024875,1.0,0.9919517102615694,0.933997509339975,0.8086606243705942,0.31483757914368105,0.8856569709127382,0.8455763781253425,0.7759193979849497,0.8033544181153804,0.9437048426210656,0.7759193979849497,0.5920398009950248,0.9597989949748744,1.0,0.9959919839679359,0.9405204460966543,0.8094282848545636,,,,1.3360218863515,129.15964531898499,395649808,377.32106018066406,13056443664,12451.594985961914
34,0,1,0.945,0.04880783618088359,0.38085740810674723,0.8942598187311178,0.8548651817116062,0.7788833609729132,0.8087417660730107,0.9382387006765117,0.7788833609729132,0.5925925925925926,0.9651741293532339,1.0,0.9919517102615694,0.9370179948586118,0.783484390735146,0.33130427659932926,0.8796389167502507,0.8426531502071071,0.7554157603940098,0.7872537164805462,0.944273606840171,0.7554157603940098,0.5472636815920398,0.9635678391959799,1.0,0.9979959919839679,0.9365482233502538,0.7903711133400201,,,,1.3148262948479925,129.09714102745056,395649808,377.32106018066406,13452093472,12828.916046142578
35,0,1,0.8949999999999999,0.04204861496279243,0.4031329044522596,0.8952668680765358,0.8353650017464198,0.8159302692884782,0.8250836709529681,0.9331846060701783,0.8159302692884782,0.6878306878306878,0.9440298507462687,1.0,0.993963782696177,0.9290161892901619,0.8086606243705942,0.34614549214048396,0.8866599799398195,0.832081464103936,0.8025794394859871,0.8159389627257652,0.944273606840171,0.8025794394859871,0.6616915422885572,0.9434673366834171,1.0,0.9939879759519038,0.9317904993909866,0.8234704112337011,,,,1.3239112500276495,128.95451521873474,395649808,377.32106018066406,13847743280,13206.237106323242
36,0,1,0.8899999999999999,0.04342207658848786,0.3850417276403575,0.8952668680765358,0.8391099157616969,0.8078358208955223,0.8220307437788654,0.9365869067361605,0.8078358208955223,0.6666666666666666,0.9490049751243781,1.0,0.9919517102615694,0.928921568627451,0.8217522658610272,0.3381919439960506,0.892678034102307,0.8443527325037359,0.8082077051926297,0.8242882437718757,0.9465111627790694,0.8082077051926297,0.6666666666666666,0.949748743718593,1.0,0.9959919839679359,0.9384800965018094,0.831494483450351,,,,1.2606891925630532,129.07158017158508,395649808,377.32106018066406,14243393088,13583.558166503906
